INSERT INTO users(name, password)
VALUES ('user', '$2a$10$4Z8t3oFmIBxtM8A3weStpu.yQvFhf58elywRsg1eEzVzpUza0mXDC'),
       ('user2', '$2a$10$4Z8t3oFmIBxtM8A3weStpu.yQvFhf58elywRsg1eEzVzpUza0mXDC'),
       ('user3', '$2a$10$4Z8t3oFmIBxtM8A3weStpu.yQvFhf58elywRsg1eEzVzpUza0mXDC'),
       ('user4', '$2a$10$4Z8t3oFmIBxtM8A3weStpu.yQvFhf58elywRsg1eEzVzpUza0mXDC'),
       ('user5', '$2a$10$4Z8t3oFmIBxtM8A3weStpu.yQvFhf58elywRsg1eEzVzpUza0mXDC'),
       ('user6', '$2a$10$4Z8t3oFmIBxtM8A3weStpu.yQvFhf58elywRsg1eEzVzpUza0mXDC'),
       ('user7', '$2a$10$4Z8t3oFmIBxtM8A3weStpu.yQvFhf58elywRsg1eEzVzpUza0mXDC'),
       ('user8', '$2a$10$4Z8t3oFmIBxtM8A3weStpu.yQvFhf58elywRsg1eEzVzpUza0mXDC'),
       ('user9', '$2a$10$4Z8t3oFmIBxtM8A3weStpu.yQvFhf58elywRsg1eEzVzpUza0mXDC'),
       ('user10', '$2a$10$4Z8t3oFmIBxtM8A3weStpu.yQvFhf58elywRsg1eEzVzpUza0mXDC'),
       ('admin', '$2a$10$4Z8t3oFmIBxtM8A3weStpu.yQvFhf58elywRsg1eEzVzpUza0mXDC');

INSERT INTO user_role(user_id, role)
VALUES (1, 'USER'),
       (2, 'USER'),
       (3, 'USER'),
       (4, 'USER'),
       (5, 'USER'),
       (6, 'USER'),
       (7, 'USER'),
       (8, 'USER'),
       (9, 'USER'),
       (10, 'USER'),
       (11, 'USER'),
       (11,'ADMIN');

INSERT INTO restaurant(id,name)
VALUES (1,'Tokio city'),
       (2,'Eurasia'),
       (3,'Kebab-24'),
       (4,'Mamaroma'),
       (5,'Metropol');

INSERT INTO vote (date, restaurant_id,user_id)
VALUES ('2022-08-01',2,1),
--
       ('2022-08-02',2,1),
       ('2022-08-02',2,2),
       ('2022-08-02',2,3),
       ('2022-08-02',3,5),
       ('2022-08-02',1,6),
       ('2022-08-02',2,7),
       ('2022-08-02',3,9),
       ('2022-08-02',1,10),
--
       ('2022-08-03',1,1),
       ('2022-08-03',1,2),
       ('2022-08-03',1,3),
       ('2022-08-03',1,4),
       ('2022-08-03',1,5),
       ('2022-08-03',4,6),
       ('2022-08-03',4,7),
       ('2022-08-03',4,8),
       ('2022-08-03',4,9),
       ('2022-08-03',4,10),
--
--
       ('2022-08-05',3,1),
       ('2022-08-05',3,5),
       ('2022-08-05',3,8),
       ('2022-08-05',3,10);

INSERT INTO menu_item(restaurant_id, dish_name, price, date)
VALUES (1, 'chicken poke', 289, '2022-08-01'),
       (1, 'fried mushrooms', 349, '2022-08-01'),
       (1, 'fruit tea', 149, '2022-08-01'),
       (1, 'pancakes with cream', 279, '2022-08-01'),
       (2, 'Philadelphia roll', 399, '2022-08-01'),
       (2, 'California roll', 369, '2022-08-01'),
       (2, 'green tea', 129, '2022-08-01'),
       (2, 'sashimi', 559, '2022-08-01'),
       (3, 'kebab', 120, '2022-08-01'),
       (3, 'double kebab', 170, '2022-08-01'),
       (3, 'mexico kebab', 160, '2022-08-01'),
       (3, 'fried potatoes', 80, '2022-08-01'),
       (4, 'pasta carbonara', 290, '2022-08-01'),
       (4, 'peperoni pizza', 240, '2022-08-01'),
       (4, 'salmon with vegetables', 460, '2022-08-01'),
       (4, 'homemade vine', 165, '2022-08-01'),

       (1, 'chicken poke', 289, '2022-08-02'),
       (1, 'fried mushrooms', 349, '2022-08-02'),
       (1, 'fruit tea', 149, '2022-08-02'),
       (1, 'pancakes with cream', 279, '2022-08-02'),
       (2, 'Philadelphia roll', 399, '2022-08-02'),
       (2, 'California roll', 369, '2022-08-02'),
       (2, 'green tea', 129, '2022-08-02'),
       (2, 'sashimi', 559, '2022-08-02'),
       (3, 'kebab', 120, '2022-08-02'),
       (3, 'double kebab', 170, '2022-08-02'),
       (3, 'mexico kebab', 160, '2022-08-02'),
       (3, 'fried potatoes', 80, '2022-08-02'),
       (4, 'pasta carbonara', 290, '2022-08-02'),
       (4, 'peperoni pizza', 240, '2022-08-02'),
       (4, 'salmon with vegetables', 460, '2022-08-02'),
       (4, 'homemade vine', 165, '2022-08-02'),

       (1, 'chicken poke', 289, '2022-08-03'),
       (1, 'fried mushrooms', 349, '2022-08-03'),
       (1, 'fruit tea', 149, '2022-08-03'),
       (1, 'pancakes with cream', 279, '2022-08-03'),
       (2, 'Philadelphia roll', 399, '2022-08-03'),
       (2, 'California roll', 369, '2022-08-03'),
       (2, 'green tea', 129, '2022-08-03'),
       (2, 'sashimi', 559, '2022-08-03'),
       (3, 'kebab', 120, '2022-08-03'),
       (3, 'double kebab', 170, '2022-08-03'),
       (3, 'mexico kebab', 160, '2022-08-03'),
       (3, 'fried potatoes', 80, '2022-08-03'),
       (4, 'pasta carbonara', 290, '2022-08-03'),
       (4, 'peperoni pizza', 240, '2022-08-03'),
       (4, 'salmon with vegetables', 460, '2022-08-03'),
       (4, 'homemade vine', 165, '2022-08-03'),

       (1, 'chicken poke', 289, '2022-08-04'),
       (1, 'fried mushrooms', 349, '2022-08-04'),
       (1, 'fruit tea', 149, '2022-08-04'),
       (1, 'pancakes with cream', 279, '2022-08-04'),
       (2, 'Philadelphia roll', 399, '2022-08-04'),
       (2, 'California roll', 369, '2022-08-04'),
       (2, 'green tea', 129, '2022-08-04'),
       (2, 'sashimi', 559, '2022-08-04'),
       (3, 'kebab', 120, '2022-08-04'),
       (3, 'double kebab', 170, '2022-08-04'),
       (3, 'mexico kebab', 160, '2022-08-04'),
       (3, 'fried potatoes', 80, '2022-08-04'),
       (4, 'pasta carbonara', 290, '2022-08-04'),
       (4, 'peperoni pizza', 240, '2022-08-04'),
       (4, 'salmon with vegetables', 460, '2022-08-04'),
       (4, 'homemade vine', 165, '2022-08-04'),

       (1, 'chicken poke', 289, '2022-09-09'),
       (1, 'fried mushrooms', 349, '2022-09-09'),
       (1, 'fruit tea', 149, '2022-09-09'),
       (4, 'peperoni pizza', 240, '2022-09-09'),
       (4, 'salmon with vegetables', 460, '2022-09-09'),
       (4, 'homemade vine', 165, '2022-09-09'),

       (1, 'chicken poke', 289, '2022-08-05'),
       (1, 'fried mushrooms', 349, '2022-08-05'),
       (1, 'fruit tea', 149, '2022-08-05'),
       (1, 'pancakes with cream', 279, '2022-08-05'),
       (2, 'Philadelphia roll', 399, '2022-08-05'),
       (2, 'California roll', 369, '2022-08-05'),
       (2, 'green tea', 129, '2022-08-05'),
       (2, 'sashimi', 559, '2022-08-05'),
       (3, 'kebab', 120, '2022-08-05'),
       (3, 'double kebab', 170, '2022-08-05'),
       (3, 'mexico kebab', 160, '2022-08-05'),
       (3, 'fried potatoes', 80, '2022-08-05'),
       (4, 'pasta carbonara', 290, '2022-08-05'),
       (4, 'peperoni pizza', 240, '2022-08-05'),
       (4, 'salmon with vegetables', 460, '2022-08-05'),
       (4, 'homemade vine', 165, '2022-08-05');







